AD001,jeff,jeff@gmail.com,jeff123,admin,Way Jing Fatt,null
SM001,loong,loong@gmail.com,loong123,salesManager,Tio Jia Loong,null
PM001,sushi,sushi@gmail.com,sushi123,purchaseManager,Suy Tseng Hei,null
FM001,kumo,kumo@gmail.com,kumo123,financeManager,Tang Kien Hwa,null
IM001,lauzc,lauzc@gmail.com,lauzc123,inventoryManager,Lau Zheng Cheng,null
IM002,newBanana,banana@gmail.com,banana123,inventoryManager,Banana,null
